route_number,origin,destination,category,status,confidence,via,source
1,Ramnagar,Mukundapur,PRIVATE_BUS,CURRENT_RESEARCH_CANDIDATE,PUBLICLY_DOCUMENTED,,Kolkata Bus-O-Pedia
1A,Ramnagar,Mukundapur,PRIVATE_BUS,CURRENT_RESEARCH_CANDIDATE,PUBLICLY_DOCUMENTED,,Kolkata Bus-O-Pedia
1B,Ramnagar,Nayabad,PRIVATE_BUS,CURRENT_RESEARCH_CANDIDATE,PUBLICLY_DOCUMENTED,,Kolkata Bus-O-Pedia
3B,New Alipore,Milk Colony,PRIVATE_BUS,CURRENT_RESEARCH_CANDIDATE,PUBLICLY_DOCUMENTED,,Kolkata Bus-O-Pedia
3C/1,Anandapur,Nagerbazar,PRIVATE_BUS,CURRENT_RESEARCH_CANDIDATE,PUBLICLY_DOCUMENTED,,Kolkata Bus-O-Pedia
3C/2,Anandapur,Nagerbazar,PRIVATE_BUS,CURRENT_RESEARCH_CANDIDATE,PUBLICLY_DOCUMENTED,,Kolkata Bus-O-Pedia
3D,Sakherbazar,Milk Colony,PRIVATE_BUS,CURRENT_RESEARCH_CANDIDATE,PUBLICLY_DOCUMENTED,,Kolkata Bus-O-Pedia
12,Badartala,Rajabazar,PRIVATE_BUS,CURRENT_RESEARCH_CANDIDATE,PUBLICLY_DOCUMENTED,,Kolkata Bus-O-Pedia
12 (Shuttle),Badartala,Esplanade,PRIVATE_BUS,CURRENT_RESEARCH_CANDIDATE,PUBLICLY_DOCUMENTED,,Kolkata Bus-O-Pedia
12A,Badartala,Howrah Station,PRIVATE_BUS,CURRENT_RESEARCH_CANDIDATE,PUBLICLY_DOCUMENTED,,Kolkata Bus-O-Pedia
12AD,Akra Fatak,Howrah Station,PRIVATE_BUS,CURRENT_RESEARCH_CANDIDATE,PUBLICLY_DOCUMENTED,,Kolkata Bus-O-Pedia
12B (Shuttle),Kamal Talkies,Esplanade,PRIVATE_BUS,CURRENT_RESEARCH_CANDIDATE,PUBLICLY_DOCUMENTED,,Kolkata Bus-O-Pedia
12C,Pailan,Howrah Station,PRIVATE_BUS,CURRENT_RESEARCH_CANDIDATE,PUBLICLY_DOCUMENTED,Joka Bridge > Thakurpukur > Shilpara > Sakher Bazar > Behala Chowrasta > Behala 14no. > Taratala > Brace Bridge > Hide Road > B.N.R. Hospital > Babubazar > Kidderpore > Hastings > Fort William > Esplanade > Dalhousie > Barabazar,Kolkata Bus-O-Pedia
12C/1,Shibrampur,Howrah Station,PRIVATE_BUS,CURRENT_RESEARCH_CANDIDATE,PUBLICLY_DOCUMENTED,Shakuntala Park > Bakultala > Behala Chowrasta > Behala 14no. > Majherhat > Mominpore > Ekbalpur > Kidderpore > Hastings > P.T.S. More > Rabindra Sadan > Maidan Metro > Park Street > Esplanade > Dalhousie > Barabazar,Kolkata Bus-O-Pedia
12C/2,Aquatica,Howrah Station,PRIVATE_BUS,CURRENT_RESEARCH_CANDIDATE,PUBLICLY_DOCUMENTED,Thakdari > Kestopur Bazar > Dumdum Park > Laketown > Sreebhumi > Ultadanga > Khanna Cinema > Maniktala > Rajabazar > Sealdah Station > College Street > Medical College > Bowbazar > Central Metro > Dalhousie > Barabazar,Kolkata Bus-O-Pedia
12C/1A,Pailan,Howrah Station,PRIVATE_BUS,CURRENT_RESEARCH_CANDIDATE,PUBLICLY_DOCUMENTED,Joka Bridge > Thakurpukur > Shilpara > Sakher Bazar > Behala Chowrasta > Behala 14no. > Majherhat > Mominpore > Ekbalpur > Kidderpore > Hastings > Fort William > Esplanade > Dalhousie > Barabazar,Kolkata Bus-O-Pedia
12C/1B,Pailan,Howrah Station,PRIVATE_BUS,CURRENT_RESEARCH_CANDIDATE,PUBLICLY_DOCUMENTED,Joka Bridge > Thakurpukur 3A > Cancer Hospital > Kalitala Housing > Kabardanga > Keorapukur > Haridevpur > Tollygunge > Rabindra Sarovar > Rashbehari > Kalighat > Hazra More > Bhowanipore > Rabindra Sadan > Maidan Metro > Park Street > Esplanade > Dalhousie > Barabazar,Kolkata Bus-O-Pedia
13,Parnasree,Sealdah Station,PRIVATE_BUS,CURRENT_RESEARCH_CANDIDATE,PUBLICLY_DOCUMENTED,,Kolkata Bus-O-Pedia
13A,S.M. Nagar,B.B.D. Bag,PRIVATE_BUS,CURRENT_RESEARCH_CANDIDATE,PUBLICLY_DOCUMENTED,,Kolkata Bus-O-Pedia
13C,Old Dakghar,Baghajatin,PRIVATE_BUS,CURRENT_RESEARCH_CANDIDATE,PUBLICLY_DOCUMENTED,,Kolkata Bus-O-Pedia
17,Chetla,Howrah Station,PRIVATE_BUS,CURRENT_RESEARCH_CANDIDATE,PUBLICLY_DOCUMENTED,,Kolkata Bus-O-Pedia
18A,Greenfield City,Howrah Station,PRIVATE_BUS,CURRENT_RESEARCH_CANDIDATE,PUBLICLY_DOCUMENTED,,Kolkata Bus-O-Pedia
18B/1,Dakghar,China Mandir,PRIVATE_BUS,CURRENT_RESEARCH_CANDIDATE,PUBLICLY_DOCUMENTED,,Kolkata Bus-O-Pedia
18C,Kestor More,Anandapur,PRIVATE_BUS,CURRENT_RESEARCH_CANDIDATE,PUBLICLY_DOCUMENTED,,Kolkata Bus-O-Pedia
18D,Suryasen Nagar,Howrah Station,PRIVATE_BUS,CURRENT_RESEARCH_CANDIDATE,PUBLICLY_DOCUMENTED,,Kolkata Bus-O-Pedia
21,Barisha,Sealdah Station,PRIVATE_BUS,CURRENT_RESEARCH_CANDIDATE,PUBLICLY_DOCUMENTED,,Kolkata Bus-O-Pedia
21/1,Barisha,Sealdah Station,PRIVATE_BUS,CURRENT_RESEARCH_CANDIDATE,PUBLICLY_DOCUMENTED,,Kolkata Bus-O-Pedia
23,Barasat,Boalghata,PRIVATE_BUS,CURRENT_RESEARCH_CANDIDATE,PUBLICLY_DOCUMENTED,,Kolkata Bus-O-Pedia
24,Topsia,Bandha Ghat,PRIVATE_BUS,CURRENT_RESEARCH_CANDIDATE,PUBLICLY_DOCUMENTED,,Kolkata Bus-O-Pedia
24A,Topsia,Bandha Ghat,PRIVATE_BUS,CURRENT_RESEARCH_CANDIDATE,PUBLICLY_DOCUMENTED,,Kolkata Bus-O-Pedia
24A/1,Mukundapur,Howrah Fire Station,PRIVATE_BUS,CURRENT_RESEARCH_CANDIDATE,PUBLICLY_DOCUMENTED,,Kolkata Bus-O-Pedia
24B,Sealdah Station,Howrah Station,PRIVATE_BUS,CURRENT_RESEARCH_CANDIDATE,PUBLICLY_DOCUMENTED,,Kolkata Bus-O-Pedia
28,Sealdah Station,Howrah Station,PRIVATE_BUS,CURRENT_RESEARCH_CANDIDATE,PUBLICLY_DOCUMENTED,,Kolkata Bus-O-Pedia
30A,Sinthee,Esplanade,PRIVATE_BUS,CURRENT_RESEARCH_CANDIDATE,PUBLICLY_DOCUMENTED,,Kolkata Bus-O-Pedia
30B,Gouripur,Babughat,PRIVATE_BUS,CURRENT_RESEARCH_CANDIDATE,PUBLICLY_DOCUMENTED,,Kolkata Bus-O-Pedia
30C,Hatiara,Babughat,PRIVATE_BUS,CURRENT_RESEARCH_CANDIDATE,PUBLICLY_DOCUMENTED,,Kolkata Bus-O-Pedia
30C/1,Hatiara,Babughat,PRIVATE_BUS,CURRENT_RESEARCH_CANDIDATE,PUBLICLY_DOCUMENTED,,Kolkata Bus-O-Pedia
30D,Dum Dum Canton,Babughat,PRIVATE_BUS,CURRENT_RESEARCH_CANDIDATE,PUBLICLY_DOCUMENTED,,Kolkata Bus-O-Pedia
32A,Dakshineshwar,Sector V (Salt Lake),PRIVATE_BUS,CURRENT_RESEARCH_CANDIDATE,PUBLICLY_DOCUMENTED,,Kolkata Bus-O-Pedia
34B,Dunlop,Esplanade,PRIVATE_BUS,CURRENT_RESEARCH_CANDIDATE,PUBLICLY_DOCUMENTED,,Kolkata Bus-O-Pedia
34C,Noapara,Esplanade,PRIVATE_BUS,CURRENT_RESEARCH_CANDIDATE,PUBLICLY_DOCUMENTED,,Kolkata Bus-O-Pedia
37,Dhakuria,Howrah Station,PRIVATE_BUS,CURRENT_RESEARCH_CANDIDATE,PUBLICLY_DOCUMENTED,,Kolkata Bus-O-Pedia
37A,Dhakuria,Howrah Station,PRIVATE_BUS,CURRENT_RESEARCH_CANDIDATE,PUBLICLY_DOCUMENTED,,Kolkata Bus-O-Pedia
39,Picnic Garden,High Court,PRIVATE_BUS,CURRENT_RESEARCH_CANDIDATE,PUBLICLY_DOCUMENTED,,Kolkata Bus-O-Pedia
39A/2,VIP Bazar,Howrah Station,PRIVATE_BUS,CURRENT_RESEARCH_CANDIDATE,PUBLICLY_DOCUMENTED,,Kolkata Bus-O-Pedia
40A,Julpia,Babughat,PRIVATE_BUS,CURRENT_RESEARCH_CANDIDATE,PUBLICLY_DOCUMENTED,Nepalgunge > Bakeshwar > Mallickpur > Sajnaberia > Mittirchak > Kabardanga > Keorapukur > Haridevpur > Siriti More > NSHM Campus > Mahabirtala > Tollygunge Phari > Rabindra Sarovar > Rashbehari > Kalighat > Hazra More > Bhowanipore > Rabindra Sadan > Maidan Metro > Park Street > Esplanade,Kolkata Bus-O-Pedia
40B,Thakurpukur,Babughat,PRIVATE_BUS,CURRENT_RESEARCH_CANDIDATE,PUBLICLY_DOCUMENTED,Cancer Hospital > Kalitala Housing > Kabardanga > Keorapukur > Haridevpur > Tollygunge > Rabindra Sarovar > Rashbehari > Kalighat > Hazra More > Bhowanipore > Rabindra Sadan > Maidan Metro > Park Street > Esplanade,Kolkata Bus-O-Pedia
41,Layalka,Howrah Station,PRIVATE_BUS,CURRENT_RESEARCH_CANDIDATE,PUBLICLY_DOCUMENTED,,Kolkata Bus-O-Pedia
41B,Netaji Nagar,Howrah Station,PRIVATE_BUS,CURRENT_RESEARCH_CANDIDATE,PUBLICLY_DOCUMENTED,,Kolkata Bus-O-Pedia
42A,Picnic Garden,Bichali Ghat,PRIVATE_BUS,CURRENT_RESEARCH_CANDIDATE,PUBLICLY_DOCUMENTED,,Kolkata Bus-O-Pedia
42B,Anandapur,Bichali Ghat,PRIVATE_BUS,CURRENT_RESEARCH_CANDIDATE,PUBLICLY_DOCUMENTED,,Kolkata Bus-O-Pedia
43,Dakshineshwar,Esplanade,PRIVATE_BUS,CURRENT_RESEARCH_CANDIDATE,PUBLICLY_DOCUMENTED,,Kolkata Bus-O-Pedia
44,Baguiati,Howrah Station,PRIVATE_BUS,CURRENT_RESEARCH_CANDIDATE,PUBLICLY_DOCUMENTED,,Kolkata Bus-O-Pedia
44/1,Baguiati,Howrah Station,PRIVATE_BUS,CURRENT_RESEARCH_CANDIDATE,PUBLICLY_DOCUMENTED,,Kolkata Bus-O-Pedia
44A,Sector V (Salt Lake),Howrah Station,PRIVATE_BUS,CURRENT_RESEARCH_CANDIDATE,PUBLICLY_DOCUMENTED,,Kolkata Bus-O-Pedia
45,Airport 1no.,Baisnabghata,PRIVATE_BUS,CURRENT_RESEARCH_CANDIDATE,PUBLICLY_DOCUMENTED,,Kolkata Bus-O-Pedia
45A,Airport 1no.,Garia Station,PRIVATE_BUS,CURRENT_RESEARCH_CANDIDATE,PUBLICLY_DOCUMENTED,Kaikhali > Haldirams > Baguiati > Kestopur > Dumdum Park > Laketown > Sreebhumi > Ultadanga > Kankurgachi > Phoolbagan > Beleghata > Sealdah Station > Moulali More > C.I.T. Road > Chittaranjan Hospital > Park Circus > Quest Mall > Ballygunge Phari > Gariahat > Golpark > Dhakuria > Jadavpur 8B > Baghajatin > Ramgarh > Garia Metro > Dhalai Bridge,Kolkata Bus-O-Pedia
45B,Building More,Garia Station,PRIVATE_BUS,CURRENT_RESEARCH_CANDIDATE,PUBLICLY_DOCUMENTED,,Kolkata Bus-O-Pedia
46,Airport 1no.,Esplanade,PRIVATE_BUS,CURRENT_RESEARCH_CANDIDATE,PUBLICLY_DOCUMENTED,Kaikhali > Haldirams > Baguiati > Kestopur > Dumdum Park > Laketown > Sreebhumi > Ultadanga > Kankurgachi > Maniktala > Vivekananda Road > College Street > Medical College > Bowbazar > Wellington > Chandni Market,Kolkata Bus-O-Pedia
46B,Moonbeam,Esplanade,PRIVATE_BUS,CURRENT_RESEARCH_CANDIDATE,PUBLICLY_DOCUMENTED,,Kolkata Bus-O-Pedia
47/1,Tollygunge,Rajabazar (Salt Lake),PRIVATE_BUS,CURRENT_RESEARCH_CANDIDATE,PUBLICLY_DOCUMENTED,Rabindra Sarovar > Rashbehari > Kalighat > Hazra More > Bhowanipore > Rabindra Sadan > Maidan Metro > Park Street > Esplanade > Dalhousie > Central Metro > Bowbazar > Medical College > College Street > Sealdah Station,Kolkata Bus-O-Pedia
47B,Lake Town,Dhanmath,PRIVATE_BUS,CURRENT_RESEARCH_CANDIDATE,PUBLICLY_DOCUMENTED,,Kolkata Bus-O-Pedia
51,Pardankuni,Howrah Station,PRIVATE_BUS,CURRENT_RESEARCH_CANDIDATE,PUBLICLY_DOCUMENTED,,Kolkata Bus-O-Pedia
52,Ramrajatala,Esplanade,PRIVATE_BUS,CURRENT_RESEARCH_CANDIDATE,PUBLICLY_DOCUMENTED,,Kolkata Bus-O-Pedia
54,Ballykhal,Esplanade,PRIVATE_BUS,CURRENT_RESEARCH_CANDIDATE,PUBLICLY_DOCUMENTED,,Kolkata Bus-O-Pedia
55,B.Garden,Esplanade,PRIVATE_BUS,CURRENT_RESEARCH_CANDIDATE,PUBLICLY_DOCUMENTED,,Kolkata Bus-O-Pedia
55A,Shibpur TD,Esplanade,PRIVATE_BUS,CURRENT_RESEARCH_CANDIDATE,PUBLICLY_DOCUMENTED,,Kolkata Bus-O-Pedia
56,Ruiya Purbapara,Howrah Station,PRIVATE_BUS,CURRENT_RESEARCH_CANDIDATE,PUBLICLY_DOCUMENTED,,Kolkata Bus-O-Pedia
57,Kona More,Esplanade,PRIVATE_BUS,CURRENT_RESEARCH_CANDIDATE,PUBLICLY_DOCUMENTED,,Kolkata Bus-O-Pedia
57A,Chanditala,Howrah Station,PRIVATE_BUS,CURRENT_RESEARCH_CANDIDATE,PUBLICLY_DOCUMENTED,,Kolkata Bus-O-Pedia
59,Bakultala,Esplanade,PRIVATE_BUS,CURRENT_RESEARCH_CANDIDATE,PUBLICLY_DOCUMENTED,,Kolkata Bus-O-Pedia
61,Alampur,Howrah Station,PRIVATE_BUS,CURRENT_RESEARCH_CANDIDATE,PUBLICLY_DOCUMENTED,,Kolkata Bus-O-Pedia
63,Domjur,Howrah Station,PRIVATE_BUS,CURRENT_RESEARCH_CANDIDATE,PUBLICLY_DOCUMENTED,,Kolkata Bus-O-Pedia
64,Tulshiberia,Kulgachia,PRIVATE_BUS,CURRENT_RESEARCH_CANDIDATE,PUBLICLY_DOCUMENTED,,Kolkata Bus-O-Pedia
67,Bagnan,Shibgunge,PRIVATE_BUS,CURRENT_RESEARCH_CANDIDATE,PUBLICLY_DOCUMENTED,,Kolkata Bus-O-Pedia
67B,Bagnan,58 Gate,PRIVATE_BUS,CURRENT_RESEARCH_CANDIDATE,PUBLICLY_DOCUMENTED,,Kolkata Bus-O-Pedia
68,Bagnan,Kamalpur,PRIVATE_BUS,CURRENT_RESEARCH_CANDIDATE,PUBLICLY_DOCUMENTED,,Kolkata Bus-O-Pedia
69,Sankrail,Howrah Station,PRIVATE_BUS,CURRENT_RESEARCH_CANDIDATE,PUBLICLY_DOCUMENTED,,Kolkata Bus-O-Pedia
70,Amta,Uluberia,PRIVATE_BUS,CURRENT_RESEARCH_CANDIDATE,PUBLICLY_DOCUMENTED,,Kolkata Bus-O-Pedia
71,Howrah Maidan,Rajabazar (Salt Lake),PRIVATE_BUS,CURRENT_RESEARCH_CANDIDATE,PUBLICLY_DOCUMENTED,,Kolkata Bus-O-Pedia
72,Dumurjola,Park Circus,PRIVATE_BUS,CURRENT_RESEARCH_CANDIDATE,PUBLICLY_DOCUMENTED,,Kolkata Bus-O-Pedia
72A,Bashirhat,Dhamakhali,PRIVATE_BUS,CURRENT_RESEARCH_CANDIDATE,PUBLICLY_DOCUMENTED,,Kolkata Bus-O-Pedia
73,Dasnagar,Esplanade,PRIVATE_BUS,CURRENT_RESEARCH_CANDIDATE,PUBLICLY_DOCUMENTED,,Kolkata Bus-O-Pedia
75,Kadamtala,Esplanade,PRIVATE_BUS,CURRENT_RESEARCH_CANDIDATE,PUBLICLY_DOCUMENTED,,Kolkata Bus-O-Pedia
91C,Shyambazar,Lauhati,PRIVATE_BUS,CURRENT_RESEARCH_CANDIDATE,PUBLICLY_DOCUMENTED,,Kolkata Bus-O-Pedia
92,Bongaon,Boyra,PRIVATE_BUS,CURRENT_RESEARCH_CANDIDATE,PUBLICLY_DOCUMENTED,,Kolkata Bus-O-Pedia
92A,Bongaon,Duttaphulia,PRIVATE_BUS,CURRENT_RESEARCH_CANDIDATE,PUBLICLY_DOCUMENTED,,Kolkata Bus-O-Pedia
93,Kharibari,Bagbazar,PRIVATE_BUS,CURRENT_RESEARCH_CANDIDATE,PUBLICLY_DOCUMENTED,,Kolkata Bus-O-Pedia
95,Bongaon,Habra Station,PRIVATE_BUS,CURRENT_RESEARCH_CANDIDATE,PUBLICLY_DOCUMENTED,,Kolkata Bus-O-Pedia
96C,Bongaon,Duttaphulia,PRIVATE_BUS,CURRENT_RESEARCH_CANDIDATE,PUBLICLY_DOCUMENTED,,Kolkata Bus-O-Pedia
201,Nimta,Mahisbatan,PRIVATE_BUS,CURRENT_RESEARCH_CANDIDATE,PUBLICLY_DOCUMENTED,,Kolkata Bus-O-Pedia
202,Nagerbazar,Science City,PRIVATE_BUS,CURRENT_RESEARCH_CANDIDATE,PUBLICLY_DOCUMENTED,,Kolkata Bus-O-Pedia
204/1,Chetla Park,Rajabazar,PRIVATE_BUS,CURRENT_RESEARCH_CANDIDATE,PUBLICLY_DOCUMENTED,,Kolkata Bus-O-Pedia
205,Bansdroni,Babughat,PRIVATE_BUS,CURRENT_RESEARCH_CANDIDATE,PUBLICLY_DOCUMENTED,Netaji Nagar > Ranikuthi > Malancha Cinema > Tollygunge > Rabindra Sarovar > Kalighat > Hazra More > Bhowanipore > Rabindra Sadan > Maidan Metro > Park Street > Esplanade > Dalhousie,Kolkata Bus-O-Pedia
205A,Bansdroni,Babughat,PRIVATE_BUS,CURRENT_RESEARCH_CANDIDATE,PUBLICLY_DOCUMENTED,,Kolkata Bus-O-Pedia
208,Kudghat,Howrah Station,PRIVATE_BUS,CURRENT_RESEARCH_CANDIDATE,PUBLICLY_DOCUMENTED,,Kolkata Bus-O-Pedia
210,Raichak,Esplanade,PRIVATE_BUS,CURRENT_RESEARCH_CANDIDATE,PUBLICLY_DOCUMENTED,Raichak More > Sarisha More > Dostipur > Fatehpur > Shirakole > Amtala > Bishnupur > Khariberia > Bhasha 14no. > Pailan > Joka Bridge > Thakurpukur > Shilpara > Sakher Bazar > Behala Chowrasta > Behala 14no. > Majherhat > Mominpore > Bhawani Bhawan > PTS More > Fort William,Kolkata Bus-O-Pedia
211 White,Ahiritola,Kharibari,PRIVATE_BUS,CURRENT_RESEARCH_CANDIDATE,PUBLICLY_DOCUMENTED,,Kolkata Bus-O-Pedia
211 Yellow,Ahiritola,Patharghata,PRIVATE_BUS,CURRENT_RESEARCH_CANDIDATE,PUBLICLY_DOCUMENTED,,Kolkata Bus-O-Pedia
211 Blue,Ahiritola,Shikharpur,PRIVATE_BUS,CURRENT_RESEARCH_CANDIDATE,PUBLICLY_DOCUMENTED,,Kolkata Bus-O-Pedia
211A,Ahiritola,Langolpota,PRIVATE_BUS,CURRENT_RESEARCH_CANDIDATE,PUBLICLY_DOCUMENTED,,Kolkata Bus-O-Pedia
212,Jadavpur Station,Howrah Station,PRIVATE_BUS,CURRENT_RESEARCH_CANDIDATE,PUBLICLY_DOCUMENTED,,Kolkata Bus-O-Pedia
213,Ghatakpukur,Babughat,PRIVATE_BUS,CURRENT_RESEARCH_CANDIDATE,PUBLICLY_DOCUMENTED,,Kolkata Bus-O-Pedia
213A,Ghatakpukur,Rajabazar,PRIVATE_BUS,CURRENT_RESEARCH_CANDIDATE,PUBLICLY_DOCUMENTED,,Kolkata Bus-O-Pedia
214,Sajirhat,Babughat,PRIVATE_BUS,CURRENT_RESEARCH_CANDIDATE,PUBLICLY_DOCUMENTED,Boardghar > Muragacha > Ghola Bazar > Sodepur Station > Kamarhati > Rathtala More > Dunlop More > Bonhooghly > Tobin Road > Sinthee More > Chiria More > Shyambazar > Rajballavpara > Sovabazar > Girish Park > M.G. Road > Central Metro > Dalhousie,Kolkata Bus-O-Pedia
214A,Sodepur Girja,Esplanade,PRIVATE_BUS,CURRENT_RESEARCH_CANDIDATE,PUBLICLY_DOCUMENTED,,Kolkata Bus-O-Pedia
215,Moonbeam,Howrah Station,PRIVATE_BUS,CURRENT_RESEARCH_CANDIDATE,PUBLICLY_DOCUMENTED,,Kolkata Bus-O-Pedia
215/1,Laketown VIP,Howrah Station,PRIVATE_BUS,CURRENT_RESEARCH_CANDIDATE,PUBLICLY_DOCUMENTED,,Kolkata Bus-O-Pedia
215A,Sector V (Salt Lake),Howrah Station,PRIVATE_BUS,CURRENT_RESEARCH_CANDIDATE,PUBLICLY_DOCUMENTED,SDF More > College More > Wipro More > Karunamoyee > Saltlake 9no. Tank > 206 Bus Stand > Saltlake 7no. Tank > Baisakhi More > Saltlake 4no. Tank > Saltlake P.N.B. > Ultadanga > Khanna Cinema > Hatibagan > Sovabazar > B.K. Paul More > Ahiritola > Jorabagan > Malapara > Barabazar,Kolkata Bus-O-Pedia
S-128,Picnic Garden,Howrah Station,SPECIAL_ROUTE,CURRENT_RESEARCH_CANDIDATE,PUBLICLY_DOCUMENTED,,Kolkata Bus-O-Pedia
S-129,Rabindra Nagar,Howrah Station,SPECIAL_ROUTE,CURRENT_RESEARCH_CANDIDATE,PUBLICLY_DOCUMENTED,,Kolkata Bus-O-Pedia
S-131,Joka Bridge,Ruby Hospital,SPECIAL_ROUTE,CURRENT_RESEARCH_CANDIDATE,PUBLICLY_DOCUMENTED,,Kolkata Bus-O-Pedia
S-135,Baisnabghata,Howrah Maidan,SPECIAL_ROUTE,CURRENT_RESEARCH_CANDIDATE,PUBLICLY_DOCUMENTED,,Kolkata Bus-O-Pedia
S-139,Shyambazar,Babughat,SPECIAL_ROUTE,CURRENT_RESEARCH_CANDIDATE,PUBLICLY_DOCUMENTED,,Kolkata Bus-O-Pedia
S-151,Airport 1no.,B.B.D. Bag,SPECIAL_ROUTE,CURRENT_RESEARCH_CANDIDATE,PUBLICLY_DOCUMENTED,,Kolkata Bus-O-Pedia
S-152,Baguiati,B.B.D. Bag,SPECIAL_ROUTE,CURRENT_RESEARCH_CANDIDATE,PUBLICLY_DOCUMENTED,,Kolkata Bus-O-Pedia
S-158,Dakshineshwar,Babughat,SPECIAL_ROUTE,CURRENT_RESEARCH_CANDIDATE,PUBLICLY_DOCUMENTED,,Kolkata Bus-O-Pedia
S-159,Dunlop More,B.B.D. Bag,SPECIAL_ROUTE,CURRENT_RESEARCH_CANDIDATE,PUBLICLY_DOCUMENTED,,Kolkata Bus-O-Pedia
S-161,Shyambazar,Metiabruz,SPECIAL_ROUTE,CURRENT_RESEARCH_CANDIDATE,PUBLICLY_DOCUMENTED,,Kolkata Bus-O-Pedia
S-163,Shyambazar,B.B.D. Bag,SPECIAL_ROUTE,CURRENT_RESEARCH_CANDIDATE,PUBLICLY_DOCUMENTED,,Kolkata Bus-O-Pedia
S-165,Phoolbagan,Howrah Station,SPECIAL_ROUTE,CURRENT_RESEARCH_CANDIDATE,PUBLICLY_DOCUMENTED,,Kolkata Bus-O-Pedia
S-166,Tangra,Howrah Station,SPECIAL_ROUTE,CURRENT_RESEARCH_CANDIDATE,PUBLICLY_DOCUMENTED,,Kolkata Bus-O-Pedia
S-167,Salt Lake,B.B.D. Bag,SPECIAL_ROUTE,CURRENT_RESEARCH_CANDIDATE,PUBLICLY_DOCUMENTED,,Kolkata Bus-O-Pedia
S-168,Nagerbazar,Howrah Station,SPECIAL_ROUTE,CURRENT_RESEARCH_CANDIDATE,PUBLICLY_DOCUMENTED,,Kolkata Bus-O-Pedia
S-172,Tegharia,Howrah Maidan,SPECIAL_ROUTE,CURRENT_RESEARCH_CANDIDATE,PUBLICLY_DOCUMENTED,,Kolkata Bus-O-Pedia
S-173,Salt Lake,Howrah Station,SPECIAL_ROUTE,CURRENT_RESEARCH_CANDIDATE,PUBLICLY_DOCUMENTED,,Kolkata Bus-O-Pedia
S-175,New Barrackpore,Howrah Station,SPECIAL_ROUTE,CURRENT_RESEARCH_CANDIDATE,PUBLICLY_DOCUMENTED,,Kolkata Bus-O-Pedia
S-176,Shyambazar,Howrah Maidan,SPECIAL_ROUTE,CURRENT_RESEARCH_CANDIDATE,PUBLICLY_DOCUMENTED,,Kolkata Bus-O-Pedia
S-178,Behala 14no.,Rajabazar,SPECIAL_ROUTE,CURRENT_RESEARCH_CANDIDATE,PUBLICLY_DOCUMENTED,,Kolkata Bus-O-Pedia
S-180,Belgharia Station,Howrah Maidan,SPECIAL_ROUTE,CURRENT_RESEARCH_CANDIDATE,PUBLICLY_DOCUMENTED,,Kolkata Bus-O-Pedia
S-184,Birati Station,B.B.D. Bag,SPECIAL_ROUTE,CURRENT_RESEARCH_CANDIDATE,PUBLICLY_DOCUMENTED,,Kolkata Bus-O-Pedia
S-185,Nimta Bazar,Howrah Station,SPECIAL_ROUTE,CURRENT_RESEARCH_CANDIDATE,PUBLICLY_DOCUMENTED,,Kolkata Bus-O-Pedia
S-186,Uttar Panchannagram,Howrah Station,SPECIAL_ROUTE,CURRENT_RESEARCH_CANDIDATE,PUBLICLY_DOCUMENTED,,Kolkata Bus-O-Pedia
S-189,Shyambazar,Howrah Maidan,SPECIAL_ROUTE,CURRENT_RESEARCH_CANDIDATE,PUBLICLY_DOCUMENTED,,Kolkata Bus-O-Pedia
RT-1,Salkia Chowrasta,Esplanade,PRIVATE_OR_ASSOCIATION,CURRENT_RESEARCH_CANDIDATE,PUBLICLY_DOCUMENTED,,Kolkata Bus-O-Pedia
RT-1A,Satyabala,Sishu Mangal (Kasba),PRIVATE_OR_ASSOCIATION,CURRENT_RESEARCH_CANDIDATE,PUBLICLY_DOCUMENTED,,Kolkata Bus-O-Pedia
RT-2,Salkia Chowrasta,Esplanade,PRIVATE_OR_ASSOCIATION,CURRENT_RESEARCH_CANDIDATE,PUBLICLY_DOCUMENTED,,Kolkata Bus-O-Pedia
RT-3,Kadamtala,Esplanade,PRIVATE_OR_ASSOCIATION,CURRENT_RESEARCH_CANDIDATE,PUBLICLY_DOCUMENTED,,Kolkata Bus-O-Pedia
RT-13,Ranihati,Ahiritola,PRIVATE_OR_ASSOCIATION,CURRENT_RESEARCH_CANDIDATE,PUBLICLY_DOCUMENTED,,Kolkata Bus-O-Pedia
RT-13A,Fatickgachi,Ahiritola,PRIVATE_OR_ASSOCIATION,CURRENT_RESEARCH_CANDIDATE,PUBLICLY_DOCUMENTED,,Kolkata Bus-O-Pedia
RT-18,Kona More,Esplanade,PRIVATE_OR_ASSOCIATION,CURRENT_RESEARCH_CANDIDATE,PUBLICLY_DOCUMENTED,,Kolkata Bus-O-Pedia
RT-20,Alampur,Ultadanga,PRIVATE_OR_ASSOCIATION,CURRENT_RESEARCH_CANDIDATE,PUBLICLY_DOCUMENTED,,Kolkata Bus-O-Pedia
RT-20A,Mourigram,Salt Lake Stadium,PRIVATE_OR_ASSOCIATION,CURRENT_RESEARCH_CANDIDATE,PUBLICLY_DOCUMENTED,,Kolkata Bus-O-Pedia
RT-21,Howrah Maidan,Shilpara,PRIVATE_OR_ASSOCIATION,CURRENT_RESEARCH_CANDIDATE,PUBLICLY_DOCUMENTED,,Kolkata Bus-O-Pedia
RT-24,Sankrail,Howrah Station,PRIVATE_OR_ASSOCIATION,CURRENT_RESEARCH_CANDIDATE,PUBLICLY_DOCUMENTED,,Kolkata Bus-O-Pedia
RT-25,Malipanchghara,Sealdah Station,PRIVATE_OR_ASSOCIATION,CURRENT_RESEARCH_CANDIDATE,PUBLICLY_DOCUMENTED,,Kolkata Bus-O-Pedia
RT-26,Santragachi,Esplanade,PRIVATE_OR_ASSOCIATION,CURRENT_RESEARCH_CANDIDATE,PUBLICLY_DOCUMENTED,,Kolkata Bus-O-Pedia
RT-27,Bankra,Park Circus,PRIVATE_OR_ASSOCIATION,CURRENT_RESEARCH_CANDIDATE,PUBLICLY_DOCUMENTED,,Kolkata Bus-O-Pedia
RT-27A,Howrah Maidan,Park Circus,PRIVATE_OR_ASSOCIATION,CURRENT_RESEARCH_CANDIDATE,PUBLICLY_DOCUMENTED,,Kolkata Bus-O-Pedia
RT-29,Tikiapara,Sector V (Salt Lake),PRIVATE_OR_ASSOCIATION,CURRENT_RESEARCH_CANDIDATE,PUBLICLY_DOCUMENTED,,Kolkata Bus-O-Pedia
RT-30,Baluhati,Esplanade,PRIVATE_OR_ASSOCIATION,CURRENT_RESEARCH_CANDIDATE,PUBLICLY_DOCUMENTED,,Kolkata Bus-O-Pedia
RT-31,Makardaha,Rabindra Sadan,PRIVATE_OR_ASSOCIATION,CURRENT_RESEARCH_CANDIDATE,PUBLICLY_DOCUMENTED,,Kolkata Bus-O-Pedia
RT-32,Howrah Maidan,Rabindra Sadan,PRIVATE_OR_ASSOCIATION,CURRENT_RESEARCH_CANDIDATE,PUBLICLY_DOCUMENTED,,Kolkata Bus-O-Pedia
RT-34,Purash,Howrah Station,PRIVATE_OR_ASSOCIATION,CURRENT_RESEARCH_CANDIDATE,PUBLICLY_DOCUMENTED,,Kolkata Bus-O-Pedia
RT-35,Hantal,Howrah Station,PRIVATE_OR_ASSOCIATION,CURRENT_RESEARCH_CANDIDATE,PUBLICLY_DOCUMENTED,,Kolkata Bus-O-Pedia
RT-38,Dasnagar,Esplanade,PRIVATE_OR_ASSOCIATION,CURRENT_RESEARCH_CANDIDATE,PUBLICLY_DOCUMENTED,,Kolkata Bus-O-Pedia
RT-39,Bhattanagar,Esplanade,PRIVATE_OR_ASSOCIATION,CURRENT_RESEARCH_CANDIDATE,PUBLICLY_DOCUMENTED,,Kolkata Bus-O-Pedia
RT-42,Danesh Shaikh Lane,Aliah University,PRIVATE_OR_ASSOCIATION,CURRENT_RESEARCH_CANDIDATE,PUBLICLY_DOCUMENTED,,Kolkata Bus-O-Pedia
DN-2,Barasat,Dakshineshwar,SUBURBAN,CURRENT_RESEARCH_CANDIDATE,PUBLICLY_DOCUMENTED,,Kolkata Bus-O-Pedia
DN-2/1,Shapoorji,Dakshineshwar,SUBURBAN,CURRENT_RESEARCH_CANDIDATE,PUBLICLY_DOCUMENTED,,Kolkata Bus-O-Pedia
DN-5,Barasat,Naihati,SUBURBAN,CURRENT_RESEARCH_CANDIDATE,PUBLICLY_DOCUMENTED,,Kolkata Bus-O-Pedia
DN-8,Barasat,Sector V (Salt Lake),SUBURBAN,CURRENT_RESEARCH_CANDIDATE,PUBLICLY_DOCUMENTED,,Kolkata Bus-O-Pedia
DN-9/1,Barasat,Rajchandrapur,SUBURBAN,CURRENT_RESEARCH_CANDIDATE,PUBLICLY_DOCUMENTED,,Kolkata Bus-O-Pedia
DN12,Bongaon,Basirhat,SUBURBAN,CURRENT_RESEARCH_CANDIDATE,PUBLICLY_DOCUMENTED,,Kolkata Bus-O-Pedia
DN12/1,Hazra,Nazat,SUBURBAN,CURRENT_RESEARCH_CANDIDATE,PUBLICLY_DOCUMENTED,,Kolkata Bus-O-Pedia
DN13,Bashirhat Boardghat,Hakimpur,SUBURBAN,CURRENT_RESEARCH_CANDIDATE,PUBLICLY_DOCUMENTED,,Kolkata Bus-O-Pedia
DN13A,Haroa,Hakimpur,SUBURBAN,CURRENT_RESEARCH_CANDIDATE,PUBLICLY_DOCUMENTED,,Kolkata Bus-O-Pedia
DN16/1,Barasat,Dhamakhali,SUBURBAN,CURRENT_RESEARCH_CANDIDATE,PUBLICLY_DOCUMENTED,,Kolkata Bus-O-Pedia
DN17,Barasat,Babughat,SUBURBAN,CURRENT_RESEARCH_CANDIDATE,PUBLICLY_DOCUMENTED,,Kolkata Bus-O-Pedia
DN18,Shyambazar,Baduria,SUBURBAN,CURRENT_RESEARCH_CANDIDATE,PUBLICLY_DOCUMENTED,,Kolkata Bus-O-Pedia
DN19,Barrackpore Court,Chapadali,SUBURBAN,CURRENT_RESEARCH_CANDIDATE,PUBLICLY_DOCUMENTED,,Kolkata Bus-O-Pedia
DN21,Baduria,Barasat,SUBURBAN,CURRENT_RESEARCH_CANDIDATE,PUBLICLY_DOCUMENTED,,Kolkata Bus-O-Pedia
DN26,Gaighata (Habra),Kalyani (Jagulia),SUBURBAN,CURRENT_RESEARCH_CANDIDATE,PUBLICLY_DOCUMENTED,,Kolkata Bus-O-Pedia
DN28,Barasat,Haroa,SUBURBAN,CURRENT_RESEARCH_CANDIDATE,PUBLICLY_DOCUMENTED,,Kolkata Bus-O-Pedia
DN35,Barasat,Nabatkati,SUBURBAN,CURRENT_RESEARCH_CANDIDATE,PUBLICLY_DOCUMENTED,,Kolkata Bus-O-Pedia
DN38,Bashirhat (Malancha),Taranipur,SUBURBAN,CURRENT_RESEARCH_CANDIDATE,PUBLICLY_DOCUMENTED,,Kolkata Bus-O-Pedia
DN43,Dakshineshwar,Barasat Moyna Check Post,SUBURBAN,CURRENT_RESEARCH_CANDIDATE,PUBLICLY_DOCUMENTED,,Kolkata Bus-O-Pedia
DN44,Bongaon,Dakshineshwar,SUBURBAN,CURRENT_RESEARCH_CANDIDATE,PUBLICLY_DOCUMENTED,,Kolkata Bus-O-Pedia
SD-3,Sonarpur,Ghatakpukur,SUBURBAN,CURRENT_RESEARCH_CANDIDATE,PUBLICLY_DOCUMENTED,,Kolkata Bus-O-Pedia
SD-4,Thakurpukur,Sapuipara,SUBURBAN,CURRENT_RESEARCH_CANDIDATE,PUBLICLY_DOCUMENTED,,Kolkata Bus-O-Pedia
SD-5,Sonarpur Station,Khariberia,HERO_SD5,CURRENT_RESEARCH_CANDIDATE,PRODUCT_OWNER_GROUNDED,,User-provided SD5 specification + current public route directory
SD-8,Bibirhat,Nandi Bagan,SUBURBAN,CURRENT_RESEARCH_CANDIDATE,PUBLICLY_DOCUMENTED,,Kolkata Bus-O-Pedia
SD-9,Noorpur,Esplanade,SUBURBAN,CURRENT_RESEARCH_CANDIDATE,PUBLICLY_DOCUMENTED,,Kolkata Bus-O-Pedia
SD-11,Noorpur,Patharpratima,SUBURBAN,CURRENT_RESEARCH_CANDIDATE,PUBLICLY_DOCUMENTED,,Kolkata Bus-O-Pedia
SD-14,Sahararhat,Taratala,SUBURBAN,CURRENT_RESEARCH_CANDIDATE,PUBLICLY_DOCUMENTED,,Kolkata Bus-O-Pedia
SD-16,Shirakole,Mukundapur,SUBURBAN,CURRENT_RESEARCH_CANDIDATE,PUBLICLY_DOCUMENTED,,Kolkata Bus-O-Pedia
SD-18,Diamond Harbour,Esplanade,SUBURBAN,CURRENT_RESEARCH_CANDIDATE,PUBLICLY_DOCUMENTED,,Kolkata Bus-O-Pedia
SD-19,Esplanade,Patharpratima,SUBURBAN,CURRENT_RESEARCH_CANDIDATE,PUBLICLY_DOCUMENTED,,Kolkata Bus-O-Pedia
SD-22/1,Nainan,Esplanade,SUBURBAN,CURRENT_RESEARCH_CANDIDATE,PUBLICLY_DOCUMENTED,,Kolkata Bus-O-Pedia
SD-24,Alipore Zoo,Sonakhali,SUBURBAN,CURRENT_RESEARCH_CANDIDATE,PUBLICLY_DOCUMENTED,,Kolkata Bus-O-Pedia
SD-26,Burul,Babughat,SUBURBAN,CURRENT_RESEARCH_CANDIDATE,PUBLICLY_DOCUMENTED,,Kolkata Bus-O-Pedia
SD-27,Dostipur,Akra Fatak,SUBURBAN,CURRENT_RESEARCH_CANDIDATE,PUBLICLY_DOCUMENTED,,Kolkata Bus-O-Pedia
SD-29,Amtala,Baruipur,SUBURBAN,CURRENT_RESEARCH_CANDIDATE,PUBLICLY_DOCUMENTED,,Kolkata Bus-O-Pedia
SD-30,Sahararhat,Taratala,SUBURBAN,CURRENT_RESEARCH_CANDIDATE,PUBLICLY_DOCUMENTED,,Kolkata Bus-O-Pedia
SD-33,Canning,Jharkhali,SUBURBAN,CURRENT_RESEARCH_CANDIDATE,PUBLICLY_DOCUMENTED,,Kolkata Bus-O-Pedia
SD-82,Esplanade,Kakdwip,SUBURBAN,CURRENT_RESEARCH_CANDIDATE,PUBLICLY_DOCUMENTED,,Kolkata Bus-O-Pedia
SD-85,Canning,Dhamakhali,SUBURBAN,CURRENT_RESEARCH_CANDIDATE,PUBLICLY_DOCUMENTED,,Kolkata Bus-O-Pedia
SD-94,Kakdwip,Bakkhali,SUBURBAN,CURRENT_RESEARCH_CANDIDATE,PUBLICLY_DOCUMENTED,,Kolkata Bus-O-Pedia
