stop_name,latitude,longitude,coordinate_status,source
Ramnagar,,,TO_ENRICH,Kolkata Bus-O-Pedia / prior research
Mukundapur,,,TO_ENRICH,Kolkata Bus-O-Pedia / prior research
Nayabad,,,TO_ENRICH,Kolkata Bus-O-Pedia / prior research
New Alipore,,,TO_ENRICH,Kolkata Bus-O-Pedia / prior research
Milk Colony,,,TO_ENRICH,Kolkata Bus-O-Pedia / prior research
Anandapur,,,TO_ENRICH,Kolkata Bus-O-Pedia / prior research
Nagerbazar,,,TO_ENRICH,Kolkata Bus-O-Pedia / prior research
Sakherbazar,,,TO_ENRICH,Kolkata Bus-O-Pedia / prior research
Badartala,,,TO_ENRICH,Kolkata Bus-O-Pedia / prior research
Rajabazar,,,TO_ENRICH,Kolkata Bus-O-Pedia / prior research
Esplanade,22.5645,88.3517,PRIOR_RESEARCH_COORDINATE,Kolkata Bus-O-Pedia / prior research
Howrah Station,22.5839,88.3426,PRIOR_RESEARCH_COORDINATE,Kolkata Bus-O-Pedia / prior research
Akra Fatak,,,TO_ENRICH,Kolkata Bus-O-Pedia / prior research
Kamal Talkies,,,TO_ENRICH,Kolkata Bus-O-Pedia / prior research
Pailan,,,TO_ENRICH,Kolkata Bus-O-Pedia / prior research
Joka Bridge,,,TO_ENRICH,Kolkata Bus-O-Pedia / prior research
Thakurpukur,,,TO_ENRICH,Kolkata Bus-O-Pedia / prior research
Shilpara,,,TO_ENRICH,Kolkata Bus-O-Pedia / prior research
Sakher Bazar,,,TO_ENRICH,Kolkata Bus-O-Pedia / prior research
Behala Chowrasta,,,TO_ENRICH,Kolkata Bus-O-Pedia / prior research
Behala 14no.,,,TO_ENRICH,Kolkata Bus-O-Pedia / prior research
Taratala,,,TO_ENRICH,Kolkata Bus-O-Pedia / prior research
Brace Bridge,,,TO_ENRICH,Kolkata Bus-O-Pedia / prior research
Hide Road,,,TO_ENRICH,Kolkata Bus-O-Pedia / prior research
B.N.R. Hospital,,,TO_ENRICH,Kolkata Bus-O-Pedia / prior research
Babubazar,,,TO_ENRICH,Kolkata Bus-O-Pedia / prior research
Kidderpore,,,TO_ENRICH,Kolkata Bus-O-Pedia / prior research
Hastings,,,TO_ENRICH,Kolkata Bus-O-Pedia / prior research
Fort William,,,TO_ENRICH,Kolkata Bus-O-Pedia / prior research
Dalhousie,,,TO_ENRICH,Kolkata Bus-O-Pedia / prior research
Barabazar,,,TO_ENRICH,Kolkata Bus-O-Pedia / prior research
Shibrampur,,,TO_ENRICH,Kolkata Bus-O-Pedia / prior research
Shakuntala Park,,,TO_ENRICH,Kolkata Bus-O-Pedia / prior research
Bakultala,,,TO_ENRICH,Kolkata Bus-O-Pedia / prior research
Majherhat,,,TO_ENRICH,Kolkata Bus-O-Pedia / prior research
Mominpore,,,TO_ENRICH,Kolkata Bus-O-Pedia / prior research
Ekbalpur,,,TO_ENRICH,Kolkata Bus-O-Pedia / prior research
P.T.S. More,,,TO_ENRICH,Kolkata Bus-O-Pedia / prior research
Rabindra Sadan,,,TO_ENRICH,Kolkata Bus-O-Pedia / prior research
Maidan Metro,,,TO_ENRICH,Kolkata Bus-O-Pedia / prior research
Park Street,,,TO_ENRICH,Kolkata Bus-O-Pedia / prior research
Aquatica,,,TO_ENRICH,Kolkata Bus-O-Pedia / prior research
Thakdari,,,TO_ENRICH,Kolkata Bus-O-Pedia / prior research
Kestopur Bazar,,,TO_ENRICH,Kolkata Bus-O-Pedia / prior research
Dumdum Park,,,TO_ENRICH,Kolkata Bus-O-Pedia / prior research
Laketown,,,TO_ENRICH,Kolkata Bus-O-Pedia / prior research
Sreebhumi,,,TO_ENRICH,Kolkata Bus-O-Pedia / prior research
Ultadanga,,,TO_ENRICH,Kolkata Bus-O-Pedia / prior research
Khanna Cinema,,,TO_ENRICH,Kolkata Bus-O-Pedia / prior research
Maniktala,,,TO_ENRICH,Kolkata Bus-O-Pedia / prior research
Sealdah Station,22.5673,88.3711,PRIOR_RESEARCH_COORDINATE,Kolkata Bus-O-Pedia / prior research
College Street,,,TO_ENRICH,Kolkata Bus-O-Pedia / prior research
Medical College,,,TO_ENRICH,Kolkata Bus-O-Pedia / prior research
Bowbazar,,,TO_ENRICH,Kolkata Bus-O-Pedia / prior research
Central Metro,,,TO_ENRICH,Kolkata Bus-O-Pedia / prior research
Thakurpukur 3A,,,TO_ENRICH,Kolkata Bus-O-Pedia / prior research
Cancer Hospital,,,TO_ENRICH,Kolkata Bus-O-Pedia / prior research
Kalitala Housing,,,TO_ENRICH,Kolkata Bus-O-Pedia / prior research
Kabardanga,,,TO_ENRICH,Kolkata Bus-O-Pedia / prior research
Keorapukur,,,TO_ENRICH,Kolkata Bus-O-Pedia / prior research
Haridevpur,,,TO_ENRICH,Kolkata Bus-O-Pedia / prior research
Tollygunge,22.4934,88.3475,PRIOR_RESEARCH_COORDINATE,Kolkata Bus-O-Pedia / prior research
Rabindra Sarovar,,,TO_ENRICH,Kolkata Bus-O-Pedia / prior research
Rashbehari,,,TO_ENRICH,Kolkata Bus-O-Pedia / prior research
Kalighat,,,TO_ENRICH,Kolkata Bus-O-Pedia / prior research
Hazra More,,,TO_ENRICH,Kolkata Bus-O-Pedia / prior research
Bhowanipore,,,TO_ENRICH,Kolkata Bus-O-Pedia / prior research
Parnasree,,,TO_ENRICH,Kolkata Bus-O-Pedia / prior research
S.M. Nagar,,,TO_ENRICH,Kolkata Bus-O-Pedia / prior research
B.B.D. Bag,,,TO_ENRICH,Kolkata Bus-O-Pedia / prior research
Old Dakghar,,,TO_ENRICH,Kolkata Bus-O-Pedia / prior research
Baghajatin,,,TO_ENRICH,Kolkata Bus-O-Pedia / prior research
Chetla,,,TO_ENRICH,Kolkata Bus-O-Pedia / prior research
Greenfield City,,,TO_ENRICH,Kolkata Bus-O-Pedia / prior research
Dakghar,,,TO_ENRICH,Kolkata Bus-O-Pedia / prior research
China Mandir,,,TO_ENRICH,Kolkata Bus-O-Pedia / prior research
Kestor More,,,TO_ENRICH,Kolkata Bus-O-Pedia / prior research
Suryasen Nagar,,,TO_ENRICH,Kolkata Bus-O-Pedia / prior research
Barisha,,,TO_ENRICH,Kolkata Bus-O-Pedia / prior research
Barasat,,,TO_ENRICH,Kolkata Bus-O-Pedia / prior research
Boalghata,,,TO_ENRICH,Kolkata Bus-O-Pedia / prior research
Topsia,,,TO_ENRICH,Kolkata Bus-O-Pedia / prior research
Bandha Ghat,,,TO_ENRICH,Kolkata Bus-O-Pedia / prior research
Howrah Fire Station,,,TO_ENRICH,Kolkata Bus-O-Pedia / prior research
Sinthee,,,TO_ENRICH,Kolkata Bus-O-Pedia / prior research
Gouripur,,,TO_ENRICH,Kolkata Bus-O-Pedia / prior research
Babughat,,,TO_ENRICH,Kolkata Bus-O-Pedia / prior research
Hatiara,,,TO_ENRICH,Kolkata Bus-O-Pedia / prior research
Dum Dum Canton,,,TO_ENRICH,Kolkata Bus-O-Pedia / prior research
Dakshineshwar,,,TO_ENRICH,Kolkata Bus-O-Pedia / prior research
Sector V (Salt Lake),,,TO_ENRICH,Kolkata Bus-O-Pedia / prior research
Dunlop,22.6521,88.3762,PRIOR_RESEARCH_COORDINATE,Kolkata Bus-O-Pedia / prior research
Noapara,,,TO_ENRICH,Kolkata Bus-O-Pedia / prior research
Dhakuria,,,TO_ENRICH,Kolkata Bus-O-Pedia / prior research
Picnic Garden,,,TO_ENRICH,Kolkata Bus-O-Pedia / prior research
High Court,,,TO_ENRICH,Kolkata Bus-O-Pedia / prior research
VIP Bazar,,,TO_ENRICH,Kolkata Bus-O-Pedia / prior research
Julpia,,,TO_ENRICH,Kolkata Bus-O-Pedia / prior research
Nepalgunge,,,TO_ENRICH,Kolkata Bus-O-Pedia / prior research
Bakeshwar,,,TO_ENRICH,Kolkata Bus-O-Pedia / prior research
Mallickpur,,,TO_ENRICH,Kolkata Bus-O-Pedia / prior research
Sajnaberia,,,TO_ENRICH,Kolkata Bus-O-Pedia / prior research
Mittirchak,,,TO_ENRICH,Kolkata Bus-O-Pedia / prior research
Siriti More,,,TO_ENRICH,Kolkata Bus-O-Pedia / prior research
NSHM Campus,,,TO_ENRICH,Kolkata Bus-O-Pedia / prior research
Mahabirtala,,,TO_ENRICH,Kolkata Bus-O-Pedia / prior research
Tollygunge Phari,,,TO_ENRICH,Kolkata Bus-O-Pedia / prior research
Layalka,,,TO_ENRICH,Kolkata Bus-O-Pedia / prior research
Netaji Nagar,,,TO_ENRICH,Kolkata Bus-O-Pedia / prior research
Bichali Ghat,,,TO_ENRICH,Kolkata Bus-O-Pedia / prior research
Baguiati,,,TO_ENRICH,Kolkata Bus-O-Pedia / prior research
Airport 1no.,22.6431,88.4372,PRIOR_RESEARCH_COORDINATE,Kolkata Bus-O-Pedia / prior research
Baisnabghata,,,TO_ENRICH,Kolkata Bus-O-Pedia / prior research
Garia Station,,,TO_ENRICH,Kolkata Bus-O-Pedia / prior research
Kaikhali,,,TO_ENRICH,Kolkata Bus-O-Pedia / prior research
Haldirams,,,TO_ENRICH,Kolkata Bus-O-Pedia / prior research
Kestopur,,,TO_ENRICH,Kolkata Bus-O-Pedia / prior research
Kankurgachi,,,TO_ENRICH,Kolkata Bus-O-Pedia / prior research
Phoolbagan,,,TO_ENRICH,Kolkata Bus-O-Pedia / prior research
Beleghata,,,TO_ENRICH,Kolkata Bus-O-Pedia / prior research
Moulali More,,,TO_ENRICH,Kolkata Bus-O-Pedia / prior research
C.I.T. Road,,,TO_ENRICH,Kolkata Bus-O-Pedia / prior research
Chittaranjan Hospital,,,TO_ENRICH,Kolkata Bus-O-Pedia / prior research
Park Circus,,,TO_ENRICH,Kolkata Bus-O-Pedia / prior research
Quest Mall,,,TO_ENRICH,Kolkata Bus-O-Pedia / prior research
Ballygunge Phari,,,TO_ENRICH,Kolkata Bus-O-Pedia / prior research
Gariahat,22.5186,88.3664,PRIOR_RESEARCH_COORDINATE,Kolkata Bus-O-Pedia / prior research
Golpark,,,TO_ENRICH,Kolkata Bus-O-Pedia / prior research
Jadavpur 8B,22.4988,88.3719,PRIOR_RESEARCH_COORDINATE,Kolkata Bus-O-Pedia / prior research
Ramgarh,,,TO_ENRICH,Kolkata Bus-O-Pedia / prior research
Garia Metro,,,TO_ENRICH,Kolkata Bus-O-Pedia / prior research
Dhalai Bridge,,,TO_ENRICH,Kolkata Bus-O-Pedia / prior research
Building More,,,TO_ENRICH,Kolkata Bus-O-Pedia / prior research
Vivekananda Road,,,TO_ENRICH,Kolkata Bus-O-Pedia / prior research
Wellington,,,TO_ENRICH,Kolkata Bus-O-Pedia / prior research
Chandni Market,,,TO_ENRICH,Kolkata Bus-O-Pedia / prior research
Moonbeam,,,TO_ENRICH,Kolkata Bus-O-Pedia / prior research
Rajabazar (Salt Lake),,,TO_ENRICH,Kolkata Bus-O-Pedia / prior research
Lake Town,,,TO_ENRICH,Kolkata Bus-O-Pedia / prior research
Dhanmath,,,TO_ENRICH,Kolkata Bus-O-Pedia / prior research
Pardankuni,,,TO_ENRICH,Kolkata Bus-O-Pedia / prior research
Ramrajatala,,,TO_ENRICH,Kolkata Bus-O-Pedia / prior research
Ballykhal,,,TO_ENRICH,Kolkata Bus-O-Pedia / prior research
B.Garden,,,TO_ENRICH,Kolkata Bus-O-Pedia / prior research
Shibpur TD,,,TO_ENRICH,Kolkata Bus-O-Pedia / prior research
Ruiya Purbapara,,,TO_ENRICH,Kolkata Bus-O-Pedia / prior research
Kona More,,,TO_ENRICH,Kolkata Bus-O-Pedia / prior research
Chanditala,,,TO_ENRICH,Kolkata Bus-O-Pedia / prior research
Alampur,,,TO_ENRICH,Kolkata Bus-O-Pedia / prior research
Domjur,,,TO_ENRICH,Kolkata Bus-O-Pedia / prior research
Tulshiberia,,,TO_ENRICH,Kolkata Bus-O-Pedia / prior research
Kulgachia,,,TO_ENRICH,Kolkata Bus-O-Pedia / prior research
Bagnan,,,TO_ENRICH,Kolkata Bus-O-Pedia / prior research
Shibgunge,,,TO_ENRICH,Kolkata Bus-O-Pedia / prior research
58 Gate,,,TO_ENRICH,Kolkata Bus-O-Pedia / prior research
Kamalpur,,,TO_ENRICH,Kolkata Bus-O-Pedia / prior research
Sankrail,,,TO_ENRICH,Kolkata Bus-O-Pedia / prior research
Amta,,,TO_ENRICH,Kolkata Bus-O-Pedia / prior research
Uluberia,,,TO_ENRICH,Kolkata Bus-O-Pedia / prior research
Howrah Maidan,,,TO_ENRICH,Kolkata Bus-O-Pedia / prior research
Dumurjola,,,TO_ENRICH,Kolkata Bus-O-Pedia / prior research
Bashirhat,,,TO_ENRICH,Kolkata Bus-O-Pedia / prior research
Dhamakhali,,,TO_ENRICH,Kolkata Bus-O-Pedia / prior research
Dasnagar,,,TO_ENRICH,Kolkata Bus-O-Pedia / prior research
Kadamtala,,,TO_ENRICH,Kolkata Bus-O-Pedia / prior research
Shyambazar,,,TO_ENRICH,Kolkata Bus-O-Pedia / prior research
Lauhati,,,TO_ENRICH,Kolkata Bus-O-Pedia / prior research
Bongaon,,,TO_ENRICH,Kolkata Bus-O-Pedia / prior research
Boyra,,,TO_ENRICH,Kolkata Bus-O-Pedia / prior research
Duttaphulia,,,TO_ENRICH,Kolkata Bus-O-Pedia / prior research
Kharibari,,,TO_ENRICH,Kolkata Bus-O-Pedia / prior research
Bagbazar,,,TO_ENRICH,Kolkata Bus-O-Pedia / prior research
Habra Station,,,TO_ENRICH,Kolkata Bus-O-Pedia / prior research
Nimta,,,TO_ENRICH,Kolkata Bus-O-Pedia / prior research
Mahisbatan,,,TO_ENRICH,Kolkata Bus-O-Pedia / prior research
Science City,,,TO_ENRICH,Kolkata Bus-O-Pedia / prior research
Chetla Park,,,TO_ENRICH,Kolkata Bus-O-Pedia / prior research
Bansdroni,,,TO_ENRICH,Kolkata Bus-O-Pedia / prior research
Ranikuthi,,,TO_ENRICH,Kolkata Bus-O-Pedia / prior research
Malancha Cinema,,,TO_ENRICH,Kolkata Bus-O-Pedia / prior research
Kudghat,,,TO_ENRICH,Kolkata Bus-O-Pedia / prior research
Raichak,,,TO_ENRICH,Kolkata Bus-O-Pedia / prior research
Raichak More,,,TO_ENRICH,Kolkata Bus-O-Pedia / prior research
Sarisha More,,,TO_ENRICH,Kolkata Bus-O-Pedia / prior research
Dostipur,,,TO_ENRICH,Kolkata Bus-O-Pedia / prior research
Fatehpur,,,TO_ENRICH,Kolkata Bus-O-Pedia / prior research
Shirakole,,,TO_ENRICH,Kolkata Bus-O-Pedia / prior research
Amtala,,,TO_ENRICH,Kolkata Bus-O-Pedia / prior research
Bishnupur,,,TO_ENRICH,Kolkata Bus-O-Pedia / prior research
Khariberia,,,TO_ENRICH,Kolkata Bus-O-Pedia / prior research
Bhasha 14no.,,,TO_ENRICH,Kolkata Bus-O-Pedia / prior research
Bhawani Bhawan,,,TO_ENRICH,Kolkata Bus-O-Pedia / prior research
PTS More,,,TO_ENRICH,Kolkata Bus-O-Pedia / prior research
Ahiritola,,,TO_ENRICH,Kolkata Bus-O-Pedia / prior research
Patharghata,,,TO_ENRICH,Kolkata Bus-O-Pedia / prior research
Shikharpur,,,TO_ENRICH,Kolkata Bus-O-Pedia / prior research
Langolpota,,,TO_ENRICH,Kolkata Bus-O-Pedia / prior research
Jadavpur Station,,,TO_ENRICH,Kolkata Bus-O-Pedia / prior research
Ghatakpukur,,,TO_ENRICH,Kolkata Bus-O-Pedia / prior research
Sajirhat,,,TO_ENRICH,Kolkata Bus-O-Pedia / prior research
Boardghar,,,TO_ENRICH,Kolkata Bus-O-Pedia / prior research
Muragacha,,,TO_ENRICH,Kolkata Bus-O-Pedia / prior research
Ghola Bazar,,,TO_ENRICH,Kolkata Bus-O-Pedia / prior research
Sodepur Station,,,TO_ENRICH,Kolkata Bus-O-Pedia / prior research
Kamarhati,,,TO_ENRICH,Kolkata Bus-O-Pedia / prior research
Rathtala More,,,TO_ENRICH,Kolkata Bus-O-Pedia / prior research
Dunlop More,,,TO_ENRICH,Kolkata Bus-O-Pedia / prior research
Bonhooghly,,,TO_ENRICH,Kolkata Bus-O-Pedia / prior research
Tobin Road,,,TO_ENRICH,Kolkata Bus-O-Pedia / prior research
Sinthee More,,,TO_ENRICH,Kolkata Bus-O-Pedia / prior research
Chiria More,,,TO_ENRICH,Kolkata Bus-O-Pedia / prior research
Rajballavpara,,,TO_ENRICH,Kolkata Bus-O-Pedia / prior research
Sovabazar,,,TO_ENRICH,Kolkata Bus-O-Pedia / prior research
Girish Park,,,TO_ENRICH,Kolkata Bus-O-Pedia / prior research
M.G. Road,,,TO_ENRICH,Kolkata Bus-O-Pedia / prior research
Sodepur Girja,,,TO_ENRICH,Kolkata Bus-O-Pedia / prior research
Laketown VIP,,,TO_ENRICH,Kolkata Bus-O-Pedia / prior research
SDF More,,,TO_ENRICH,Kolkata Bus-O-Pedia / prior research
College More,,,TO_ENRICH,Kolkata Bus-O-Pedia / prior research
Wipro More,,,TO_ENRICH,Kolkata Bus-O-Pedia / prior research
Karunamoyee,,,TO_ENRICH,Kolkata Bus-O-Pedia / prior research
Saltlake 9no. Tank,,,TO_ENRICH,Kolkata Bus-O-Pedia / prior research
206 Bus Stand,,,TO_ENRICH,Kolkata Bus-O-Pedia / prior research
Saltlake 7no. Tank,,,TO_ENRICH,Kolkata Bus-O-Pedia / prior research
Baisakhi More,,,TO_ENRICH,Kolkata Bus-O-Pedia / prior research
Saltlake 4no. Tank,,,TO_ENRICH,Kolkata Bus-O-Pedia / prior research
Saltlake P.N.B.,,,TO_ENRICH,Kolkata Bus-O-Pedia / prior research
Hatibagan,,,TO_ENRICH,Kolkata Bus-O-Pedia / prior research
B.K. Paul More,,,TO_ENRICH,Kolkata Bus-O-Pedia / prior research
Jorabagan,,,TO_ENRICH,Kolkata Bus-O-Pedia / prior research
Malapara,,,TO_ENRICH,Kolkata Bus-O-Pedia / prior research
Rabindra Nagar,,,TO_ENRICH,Kolkata Bus-O-Pedia / prior research
Ruby Hospital,,,TO_ENRICH,Kolkata Bus-O-Pedia / prior research
Metiabruz,,,TO_ENRICH,Kolkata Bus-O-Pedia / prior research
Tangra,,,TO_ENRICH,Kolkata Bus-O-Pedia / prior research
Salt Lake,,,TO_ENRICH,Kolkata Bus-O-Pedia / prior research
Tegharia,,,TO_ENRICH,Kolkata Bus-O-Pedia / prior research
New Barrackpore,,,TO_ENRICH,Kolkata Bus-O-Pedia / prior research
Belgharia Station,,,TO_ENRICH,Kolkata Bus-O-Pedia / prior research
Birati Station,,,TO_ENRICH,Kolkata Bus-O-Pedia / prior research
Nimta Bazar,,,TO_ENRICH,Kolkata Bus-O-Pedia / prior research
Uttar Panchannagram,,,TO_ENRICH,Kolkata Bus-O-Pedia / prior research
Salkia Chowrasta,,,TO_ENRICH,Kolkata Bus-O-Pedia / prior research
Satyabala,,,TO_ENRICH,Kolkata Bus-O-Pedia / prior research
Sishu Mangal (Kasba),,,TO_ENRICH,Kolkata Bus-O-Pedia / prior research
Ranihati,,,TO_ENRICH,Kolkata Bus-O-Pedia / prior research
Fatickgachi,,,TO_ENRICH,Kolkata Bus-O-Pedia / prior research
Mourigram,,,TO_ENRICH,Kolkata Bus-O-Pedia / prior research
Salt Lake Stadium,,,TO_ENRICH,Kolkata Bus-O-Pedia / prior research
Malipanchghara,,,TO_ENRICH,Kolkata Bus-O-Pedia / prior research
Santragachi,,,TO_ENRICH,Kolkata Bus-O-Pedia / prior research
Bankra,,,TO_ENRICH,Kolkata Bus-O-Pedia / prior research
Tikiapara,,,TO_ENRICH,Kolkata Bus-O-Pedia / prior research
Baluhati,,,TO_ENRICH,Kolkata Bus-O-Pedia / prior research
Makardaha,,,TO_ENRICH,Kolkata Bus-O-Pedia / prior research
Purash,,,TO_ENRICH,Kolkata Bus-O-Pedia / prior research
Hantal,,,TO_ENRICH,Kolkata Bus-O-Pedia / prior research
Bhattanagar,,,TO_ENRICH,Kolkata Bus-O-Pedia / prior research
Danesh Shaikh Lane,,,TO_ENRICH,Kolkata Bus-O-Pedia / prior research
Aliah University,,,TO_ENRICH,Kolkata Bus-O-Pedia / prior research
Shapoorji,,,TO_ENRICH,Kolkata Bus-O-Pedia / prior research
Naihati,,,TO_ENRICH,Kolkata Bus-O-Pedia / prior research
Rajchandrapur,,,TO_ENRICH,Kolkata Bus-O-Pedia / prior research
Basirhat,,,TO_ENRICH,Kolkata Bus-O-Pedia / prior research
Hazra,,,TO_ENRICH,Kolkata Bus-O-Pedia / prior research
Nazat,,,TO_ENRICH,Kolkata Bus-O-Pedia / prior research
Bashirhat Boardghat,,,TO_ENRICH,Kolkata Bus-O-Pedia / prior research
Hakimpur,,,TO_ENRICH,Kolkata Bus-O-Pedia / prior research
Haroa,,,TO_ENRICH,Kolkata Bus-O-Pedia / prior research
Baduria,,,TO_ENRICH,Kolkata Bus-O-Pedia / prior research
Barrackpore Court,,,TO_ENRICH,Kolkata Bus-O-Pedia / prior research
Chapadali,,,TO_ENRICH,Kolkata Bus-O-Pedia / prior research
Gaighata (Habra),,,TO_ENRICH,Kolkata Bus-O-Pedia / prior research
Kalyani (Jagulia),,,TO_ENRICH,Kolkata Bus-O-Pedia / prior research
Nabatkati,,,TO_ENRICH,Kolkata Bus-O-Pedia / prior research
Bashirhat (Malancha),,,TO_ENRICH,Kolkata Bus-O-Pedia / prior research
Taranipur,,,TO_ENRICH,Kolkata Bus-O-Pedia / prior research
Barasat Moyna Check Post,,,TO_ENRICH,Kolkata Bus-O-Pedia / prior research
Sonarpur,,,TO_ENRICH,Kolkata Bus-O-Pedia / prior research
Sapuipara,,,TO_ENRICH,Kolkata Bus-O-Pedia / prior research
Sonarpur Station,,,TO_ENRICH,Kolkata Bus-O-Pedia / prior research
Bibirhat,,,TO_ENRICH,Kolkata Bus-O-Pedia / prior research
Nandi Bagan,,,TO_ENRICH,Kolkata Bus-O-Pedia / prior research
Noorpur,,,TO_ENRICH,Kolkata Bus-O-Pedia / prior research
Patharpratima,,,TO_ENRICH,Kolkata Bus-O-Pedia / prior research
Sahararhat,,,TO_ENRICH,Kolkata Bus-O-Pedia / prior research
Diamond Harbour,,,TO_ENRICH,Kolkata Bus-O-Pedia / prior research
Nainan,,,TO_ENRICH,Kolkata Bus-O-Pedia / prior research
Alipore Zoo,,,TO_ENRICH,Kolkata Bus-O-Pedia / prior research
Sonakhali,,,TO_ENRICH,Kolkata Bus-O-Pedia / prior research
Burul,,,TO_ENRICH,Kolkata Bus-O-Pedia / prior research
Baruipur,,,TO_ENRICH,Kolkata Bus-O-Pedia / prior research
Canning,,,TO_ENRICH,Kolkata Bus-O-Pedia / prior research
Jharkhali,,,TO_ENRICH,Kolkata Bus-O-Pedia / prior research
Kakdwip,,,TO_ENRICH,Kolkata Bus-O-Pedia / prior research
Bakkhali,,,TO_ENRICH,Kolkata Bus-O-Pedia / prior research
