sequence,stop_name,latitude,longitude,provenance
1,Sonarpur Station Terminus,22.4431,88.4285,USER_PROVIDED
2,Sahebpara,22.4442,88.4241,USER_PROVIDED
3,Power House,22.4452,88.4215,USER_PROVIDED
4,IIMC Hospital,22.4485,88.4116,USER_PROVIDED
5,Mission Pally / Mission More,22.4512,88.4054,USER_PROVIDED
6,Shimultala,22.4544,88.4011,USER_PROVIDED
7,Karbala More,22.4568,88.3965,USER_PROVIDED
8,Kamalgazi More,22.4601,88.3912,USER_PROVIDED
9,Pratapgarh,22.4618,88.3875,USER_PROVIDED
10,Mahamayatala,22.4635,88.3842,USER_PROVIDED
11,Sitala Mandir,22.4655,88.3812,USER_PROVIDED
12,Garia More / Garia Bazar,22.4674,88.3789,USER_PROVIDED
13,Naktala,22.4694,88.37,USER_PROVIDED
14,Bandsdroni,22.4731,88.3637,USER_PROVIDED
15,Netaji Nagar,22.477,88.3582,USER_PROVIDED
16,Ranikuthi,22.4812,88.3524,USER_PROVIDED
17,Ashoke Nagar,22.4855,88.3491,USER_PROVIDED
18,Malancha Cinema,22.4902,88.347,USER_PROVIDED
19,Tollygunge Tram Depot / Metro,22.4932,88.3458,USER_PROVIDED
20,M.R. Bangur Hospital,22.4975,88.3412,USER_PROVIDED
21,Tollygunge Phari,22.5005,88.3371,USER_PROVIDED
22,RSV Hospital / Mahabirtala,22.5028,88.3312,USER_PROVIDED
23,New Alipore,22.511,88.3245,USER_PROVIDED
24,Taratala Crossing,22.5152,88.3142,USER_PROVIDED
25,Behala 14 No. / Tram Depot,22.5054,88.3138,USER_PROVIDED
26,Manton,22.5002,88.313,USER_PROVIDED
27,Behala Chowrasta,22.4947,88.3121,USER_PROVIDED
28,Janakalyan,22.4891,88.3113,USER_PROVIDED
29,Sakher Bazar,22.4842,88.3105,USER_PROVIDED
30,Shilpara,22.4764,88.3094,USER_PROVIDED
31,Kadamtala (Behala),22.4721,88.3075,USER_PROVIDED
32,Thakurpukur Bazar,22.4695,88.3068,USER_PROVIDED
33,Thakurpukur (3A Terminus),22.4665,88.3061,USER_PROVIDED
34,Diamond Park,22.4589,88.3044,USER_PROVIDED
35,ESIC Medical College & Hospital,22.4561,88.3039,USER_PROVIDED
36,Joka / Joka Bridge,22.4518,88.3025,USER_PROVIDED
37,Pailan More,22.4342,88.2954,USER_PROVIDED
38,Bhasa Mandir (Bhasha),22.4172,88.2868,USER_PROVIDED
39,Konchowki,22.4045,88.2778,USER_PROVIDED
40,Kharibaria Terminus,22.3924,88.2672,USER_PROVIDED
